nodes_touched,conv,iters,game_name,algorithm_name
0,2.9720288515090942,0,LeducPoker,DeepCFR2
66913,2.9720288515090942,1,LeducPoker,DeepCFR2
129627,2.9720288515090942,2,LeducPoker,DeepCFR2
198504,2.9720288515090942,3,LeducPoker,DeepCFR2
262437,2.9720288515090942,4,LeducPoker,DeepCFR2
328181,2.9720288515090942,5,LeducPoker,DeepCFR2
396972,2.9720288515090942,6,LeducPoker,DeepCFR2
467955,2.9720288515090942,7,LeducPoker,DeepCFR2
535803,2.9720288515090942,8,LeducPoker,DeepCFR2
602051,2.9720288515090942,9,LeducPoker,DeepCFR2
667500,2.9720288515090942,10,LeducPoker,DeepCFR2
730987,2.9720288515090942,11,LeducPoker,DeepCFR2
793493,2.9720288515090942,12,LeducPoker,DeepCFR2
859432,2.9720288515090942,13,LeducPoker,DeepCFR2
922234,2.9720288515090942,14,LeducPoker,DeepCFR2
981865,0.31821227073669434,15,LeducPoker,DeepCFR2
1048171,0.31821227073669434,16,LeducPoker,DeepCFR2
1109198,0.31821227073669434,17,LeducPoker,DeepCFR2
1174905,0.31821227073669434,18,LeducPoker,DeepCFR2
1244951,0.31821227073669434,19,LeducPoker,DeepCFR2
1311104,0.31821227073669434,20,LeducPoker,DeepCFR2
1380603,0.31821227073669434,21,LeducPoker,DeepCFR2
1446329,0.31821227073669434,22,LeducPoker,DeepCFR2
1511744,0.31821227073669434,23,LeducPoker,DeepCFR2
1579762,0.31821227073669434,24,LeducPoker,DeepCFR2
1645359,0.31821227073669434,25,LeducPoker,DeepCFR2
1712797,0.31821227073669434,26,LeducPoker,DeepCFR2
1776161,0.31821227073669434,27,LeducPoker,DeepCFR2
1844379,0.31821227073669434,28,LeducPoker,DeepCFR2
1910096,0.31821227073669434,29,LeducPoker,DeepCFR2
1976497,0.17827410995960236,30,LeducPoker,DeepCFR2
2042072,0.17827410995960236,31,LeducPoker,DeepCFR2
2106870,0.17827410995960236,32,LeducPoker,DeepCFR2
2173693,0.17827410995960236,33,LeducPoker,DeepCFR2
2241041,0.17827410995960236,34,LeducPoker,DeepCFR2
2301041,0.17827410995960236,35,LeducPoker,DeepCFR2
2369465,0.17827410995960236,36,LeducPoker,DeepCFR2
2435139,0.17827410995960236,37,LeducPoker,DeepCFR2
2502773,0.17827410995960236,38,LeducPoker,DeepCFR2
2566969,0.17827410995960236,39,LeducPoker,DeepCFR2
2645713,0.17827410995960236,40,LeducPoker,DeepCFR2
2713929,0.17827410995960236,41,LeducPoker,DeepCFR2
2780840,0.17827410995960236,42,LeducPoker,DeepCFR2
2847518,0.17827410995960236,43,LeducPoker,DeepCFR2
2916055,0.17827410995960236,44,LeducPoker,DeepCFR2
2980983,0.16990404576063156,45,LeducPoker,DeepCFR2
3049273,0.16990404576063156,46,LeducPoker,DeepCFR2
3113485,0.16990404576063156,47,LeducPoker,DeepCFR2
3179277,0.16990404576063156,48,LeducPoker,DeepCFR2
3235464,0.16990404576063156,49,LeducPoker,DeepCFR2
3299957,0.16990404576063156,50,LeducPoker,DeepCFR2
3360500,0.16990404576063156,51,LeducPoker,DeepCFR2
3424135,0.16990404576063156,52,LeducPoker,DeepCFR2
3486732,0.16990404576063156,53,LeducPoker,DeepCFR2
3549168,0.16990404576063156,54,LeducPoker,DeepCFR2
3611123,0.16990404576063156,55,LeducPoker,DeepCFR2
3675148,0.16990404576063156,56,LeducPoker,DeepCFR2
3738043,0.16990404576063156,57,LeducPoker,DeepCFR2
3802803,0.16990404576063156,58,LeducPoker,DeepCFR2
3871494,0.16990404576063156,59,LeducPoker,DeepCFR2
3940473,0.1673835590481758,60,LeducPoker,DeepCFR2
4003672,0.1673835590481758,61,LeducPoker,DeepCFR2
4078471,0.1673835590481758,62,LeducPoker,DeepCFR2
4150006,0.1673835590481758,63,LeducPoker,DeepCFR2
4215933,0.1673835590481758,64,LeducPoker,DeepCFR2
4289736,0.1673835590481758,65,LeducPoker,DeepCFR2
4355650,0.1673835590481758,66,LeducPoker,DeepCFR2
4427620,0.1673835590481758,67,LeducPoker,DeepCFR2
4497681,0.1673835590481758,68,LeducPoker,DeepCFR2
4566966,0.1673835590481758,69,LeducPoker,DeepCFR2
4637234,0.1673835590481758,70,LeducPoker,DeepCFR2
4704749,0.1673835590481758,71,LeducPoker,DeepCFR2
4769397,0.1673835590481758,72,LeducPoker,DeepCFR2
4833865,0.1673835590481758,73,LeducPoker,DeepCFR2
4898749,0.1673835590481758,74,LeducPoker,DeepCFR2
4963066,0.14306121319532394,75,LeducPoker,DeepCFR2
5025687,0.14306121319532394,76,LeducPoker,DeepCFR2
5092120,0.14306121319532394,77,LeducPoker,DeepCFR2
5159076,0.14306121319532394,78,LeducPoker,DeepCFR2
5224553,0.14306121319532394,79,LeducPoker,DeepCFR2
5291775,0.14306121319532394,80,LeducPoker,DeepCFR2
5357447,0.14306121319532394,81,LeducPoker,DeepCFR2
5425239,0.14306121319532394,82,LeducPoker,DeepCFR2
5492816,0.14306121319532394,83,LeducPoker,DeepCFR2
5558291,0.14306121319532394,84,LeducPoker,DeepCFR2
5627219,0.14306121319532394,85,LeducPoker,DeepCFR2
5697194,0.14306121319532394,86,LeducPoker,DeepCFR2
5762848,0.14306121319532394,87,LeducPoker,DeepCFR2
5821632,0.14306121319532394,88,LeducPoker,DeepCFR2
5887557,0.14306121319532394,89,LeducPoker,DeepCFR2
5952288,0.1678096279501915,90,LeducPoker,DeepCFR2
6012782,0.1678096279501915,91,LeducPoker,DeepCFR2
6076400,0.1678096279501915,92,LeducPoker,DeepCFR2
6138911,0.1678096279501915,93,LeducPoker,DeepCFR2
6200510,0.1678096279501915,94,LeducPoker,DeepCFR2
6262161,0.1678096279501915,95,LeducPoker,DeepCFR2
6329186,0.1678096279501915,96,LeducPoker,DeepCFR2
6400328,0.1678096279501915,97,LeducPoker,DeepCFR2
6460825,0.1678096279501915,98,LeducPoker,DeepCFR2
6539407,0.1678096279501915,99,LeducPoker,DeepCFR2
6605143,0.1678096279501915,100,LeducPoker,DeepCFR2
6669450,0.1678096279501915,101,LeducPoker,DeepCFR2
6743574,0.1678096279501915,102,LeducPoker,DeepCFR2
6817632,0.1678096279501915,103,LeducPoker,DeepCFR2
6884141,0.1678096279501915,104,LeducPoker,DeepCFR2
6945047,0.1289963573217392,105,LeducPoker,DeepCFR2
7004358,0.1289963573217392,106,LeducPoker,DeepCFR2
7071741,0.1289963573217392,107,LeducPoker,DeepCFR2
7138346,0.1289963573217392,108,LeducPoker,DeepCFR2
7195239,0.1289963573217392,109,LeducPoker,DeepCFR2
7256060,0.1289963573217392,110,LeducPoker,DeepCFR2
7322683,0.1289963573217392,111,LeducPoker,DeepCFR2
7388309,0.1289963573217392,112,LeducPoker,DeepCFR2
7456191,0.1289963573217392,113,LeducPoker,DeepCFR2
7521289,0.1289963573217392,114,LeducPoker,DeepCFR2
7591850,0.1289963573217392,115,LeducPoker,DeepCFR2
7663402,0.1289963573217392,116,LeducPoker,DeepCFR2
7732789,0.1289963573217392,117,LeducPoker,DeepCFR2
7802037,0.1289963573217392,118,LeducPoker,DeepCFR2
7869719,0.1289963573217392,119,LeducPoker,DeepCFR2
7941821,0.14814534783363342,120,LeducPoker,DeepCFR2
8010921,0.14814534783363342,121,LeducPoker,DeepCFR2
8078371,0.14814534783363342,122,LeducPoker,DeepCFR2
8146552,0.14814534783363342,123,LeducPoker,DeepCFR2
8222333,0.14814534783363342,124,LeducPoker,DeepCFR2
8284335,0.14814534783363342,125,LeducPoker,DeepCFR2
8354564,0.14814534783363342,126,LeducPoker,DeepCFR2
8425886,0.14814534783363342,127,LeducPoker,DeepCFR2
8492419,0.14814534783363342,128,LeducPoker,DeepCFR2
8563344,0.14814534783363342,129,LeducPoker,DeepCFR2
8630327,0.14814534783363342,130,LeducPoker,DeepCFR2
8701451,0.14814534783363342,131,LeducPoker,DeepCFR2
8766607,0.14814534783363342,132,LeducPoker,DeepCFR2
8840056,0.14814534783363342,133,LeducPoker,DeepCFR2
8906281,0.14814534783363342,134,LeducPoker,DeepCFR2
8974725,0.14346015453338623,135,LeducPoker,DeepCFR2
9041933,0.14346015453338623,136,LeducPoker,DeepCFR2
9107945,0.14346015453338623,137,LeducPoker,DeepCFR2
9173689,0.14346015453338623,138,LeducPoker,DeepCFR2
9241683,0.14346015453338623,139,LeducPoker,DeepCFR2
9308146,0.14346015453338623,140,LeducPoker,DeepCFR2
9380536,0.14346015453338623,141,LeducPoker,DeepCFR2
9443810,0.14346015453338623,142,LeducPoker,DeepCFR2
9510300,0.14346015453338623,143,LeducPoker,DeepCFR2
9578698,0.14346015453338623,144,LeducPoker,DeepCFR2
9647975,0.14346015453338623,145,LeducPoker,DeepCFR2
9715301,0.14346015453338623,146,LeducPoker,DeepCFR2
9787252,0.14346015453338623,147,LeducPoker,DeepCFR2
9850798,0.14346015453338623,148,LeducPoker,DeepCFR2
9920407,0.14346015453338623,149,LeducPoker,DeepCFR2
9985415,0.12550892308354378,150,LeducPoker,DeepCFR2
10056802,0.12550892308354378,151,LeducPoker,DeepCFR2
10120992,0.12550892308354378,152,LeducPoker,DeepCFR2
10186172,0.12550892308354378,153,LeducPoker,DeepCFR2
10260697,0.12550892308354378,154,LeducPoker,DeepCFR2
10327371,0.12550892308354378,155,LeducPoker,DeepCFR2
10393435,0.12550892308354378,156,LeducPoker,DeepCFR2
10462049,0.12550892308354378,157,LeducPoker,DeepCFR2
10532621,0.12550892308354378,158,LeducPoker,DeepCFR2
10600290,0.12550892308354378,159,LeducPoker,DeepCFR2
10667162,0.12550892308354378,160,LeducPoker,DeepCFR2
10738122,0.12550892308354378,161,LeducPoker,DeepCFR2
10811537,0.12550892308354378,162,LeducPoker,DeepCFR2
10879088,0.12550892308354378,163,LeducPoker,DeepCFR2
10942430,0.12550892308354378,164,LeducPoker,DeepCFR2
11007597,0.14568214863538742,165,LeducPoker,DeepCFR2
11071506,0.14568214863538742,166,LeducPoker,DeepCFR2
11130105,0.14568214863538742,167,LeducPoker,DeepCFR2
11187509,0.14568214863538742,168,LeducPoker,DeepCFR2
11247209,0.14568214863538742,169,LeducPoker,DeepCFR2
11308279,0.14568214863538742,170,LeducPoker,DeepCFR2
11373531,0.14568214863538742,171,LeducPoker,DeepCFR2
11439778,0.14568214863538742,172,LeducPoker,DeepCFR2
11499918,0.14568214863538742,173,LeducPoker,DeepCFR2
11556452,0.14568214863538742,174,LeducPoker,DeepCFR2
11617103,0.14568214863538742,175,LeducPoker,DeepCFR2
11682762,0.14568214863538742,176,LeducPoker,DeepCFR2
11749126,0.14568214863538742,177,LeducPoker,DeepCFR2
11815344,0.14568214863538742,178,LeducPoker,DeepCFR2
11879498,0.14568214863538742,179,LeducPoker,DeepCFR2
11939076,0.15020009875297546,180,LeducPoker,DeepCFR2
12004507,0.15020009875297546,181,LeducPoker,DeepCFR2
12073279,0.15020009875297546,182,LeducPoker,DeepCFR2
12141185,0.15020009875297546,183,LeducPoker,DeepCFR2
12212028,0.15020009875297546,184,LeducPoker,DeepCFR2
12276558,0.15020009875297546,185,LeducPoker,DeepCFR2
12339791,0.15020009875297546,186,LeducPoker,DeepCFR2
12410490,0.15020009875297546,187,LeducPoker,DeepCFR2
12478262,0.15020009875297546,188,LeducPoker,DeepCFR2
12548155,0.15020009875297546,189,LeducPoker,DeepCFR2
12614467,0.15020009875297546,190,LeducPoker,DeepCFR2
12680331,0.15020009875297546,191,LeducPoker,DeepCFR2
12756030,0.15020009875297546,192,LeducPoker,DeepCFR2
12823757,0.15020009875297546,193,LeducPoker,DeepCFR2
12886656,0.15020009875297546,194,LeducPoker,DeepCFR2
12964084,0.16343113407492638,195,LeducPoker,DeepCFR2
13041044,0.16343113407492638,196,LeducPoker,DeepCFR2
13117684,0.16343113407492638,197,LeducPoker,DeepCFR2
13194850,0.16343113407492638,198,LeducPoker,DeepCFR2
13267758,0.16343113407492638,199,LeducPoker,DeepCFR2
13336602,0.16343113407492638,200,LeducPoker,DeepCFR2
13404970,0.16343113407492638,201,LeducPoker,DeepCFR2
13468331,0.16343113407492638,202,LeducPoker,DeepCFR2
13536429,0.16343113407492638,203,LeducPoker,DeepCFR2
13602732,0.16343113407492638,204,LeducPoker,DeepCFR2
13671864,0.16343113407492638,205,LeducPoker,DeepCFR2
13739870,0.16343113407492638,206,LeducPoker,DeepCFR2
13808609,0.16343113407492638,207,LeducPoker,DeepCFR2
13874871,0.16343113407492638,208,LeducPoker,DeepCFR2
13938574,0.16343113407492638,209,LeducPoker,DeepCFR2
14006344,0.14627137780189514,210,LeducPoker,DeepCFR2
14071270,0.14627137780189514,211,LeducPoker,DeepCFR2
14139419,0.14627137780189514,212,LeducPoker,DeepCFR2
14205802,0.14627137780189514,213,LeducPoker,DeepCFR2
14271999,0.14627137780189514,214,LeducPoker,DeepCFR2
14340781,0.14627137780189514,215,LeducPoker,DeepCFR2
14409026,0.14627137780189514,216,LeducPoker,DeepCFR2
14477946,0.14627137780189514,217,LeducPoker,DeepCFR2
14547611,0.14627137780189514,218,LeducPoker,DeepCFR2
14617941,0.14627137780189514,219,LeducPoker,DeepCFR2
14687896,0.14627137780189514,220,LeducPoker,DeepCFR2
14759028,0.14627137780189514,221,LeducPoker,DeepCFR2
14824474,0.14627137780189514,222,LeducPoker,DeepCFR2
14893335,0.14627137780189514,223,LeducPoker,DeepCFR2
14960720,0.14627137780189514,224,LeducPoker,DeepCFR2
15031621,0.17922448366880417,225,LeducPoker,DeepCFR2
15100556,0.17922448366880417,226,LeducPoker,DeepCFR2
15172403,0.17922448366880417,227,LeducPoker,DeepCFR2
15240259,0.17922448366880417,228,LeducPoker,DeepCFR2
15308014,0.17922448366880417,229,LeducPoker,DeepCFR2
15377562,0.17922448366880417,230,LeducPoker,DeepCFR2
15446637,0.17922448366880417,231,LeducPoker,DeepCFR2
15507856,0.17922448366880417,232,LeducPoker,DeepCFR2
15572076,0.17922448366880417,233,LeducPoker,DeepCFR2
15633093,0.17922448366880417,234,LeducPoker,DeepCFR2
15700414,0.17922448366880417,235,LeducPoker,DeepCFR2
15770477,0.17922448366880417,236,LeducPoker,DeepCFR2
15836665,0.17922448366880417,237,LeducPoker,DeepCFR2
15908677,0.17922448366880417,238,LeducPoker,DeepCFR2
15973576,0.17922448366880417,239,LeducPoker,DeepCFR2
16038447,0.15637464821338654,240,LeducPoker,DeepCFR2
16095676,0.15637464821338654,241,LeducPoker,DeepCFR2
16155430,0.15637464821338654,242,LeducPoker,DeepCFR2
16227566,0.15637464821338654,243,LeducPoker,DeepCFR2
16291788,0.15637464821338654,244,LeducPoker,DeepCFR2
16351672,0.15637464821338654,245,LeducPoker,DeepCFR2
16410501,0.15637464821338654,246,LeducPoker,DeepCFR2
16470387,0.15637464821338654,247,LeducPoker,DeepCFR2
16530879,0.15637464821338654,248,LeducPoker,DeepCFR2
16587864,0.15637464821338654,249,LeducPoker,DeepCFR2
16646788,0.15637464821338654,250,LeducPoker,DeepCFR2
16707737,0.15637464821338654,251,LeducPoker,DeepCFR2
16768271,0.15637464821338654,252,LeducPoker,DeepCFR2
16828316,0.15637464821338654,253,LeducPoker,DeepCFR2
16891005,0.15637464821338654,254,LeducPoker,DeepCFR2
16949929,0.15677831321954727,255,LeducPoker,DeepCFR2
17010013,0.15677831321954727,256,LeducPoker,DeepCFR2
17068857,0.15677831321954727,257,LeducPoker,DeepCFR2
17128690,0.15677831321954727,258,LeducPoker,DeepCFR2
17187905,0.15677831321954727,259,LeducPoker,DeepCFR2
17248741,0.15677831321954727,260,LeducPoker,DeepCFR2
17310118,0.15677831321954727,261,LeducPoker,DeepCFR2
17370377,0.15677831321954727,262,LeducPoker,DeepCFR2
17429962,0.15677831321954727,263,LeducPoker,DeepCFR2
17491004,0.15677831321954727,264,LeducPoker,DeepCFR2
17550565,0.15677831321954727,265,LeducPoker,DeepCFR2
17609584,0.15677831321954727,266,LeducPoker,DeepCFR2
17671063,0.15677831321954727,267,LeducPoker,DeepCFR2
17730476,0.15677831321954727,268,LeducPoker,DeepCFR2
17789246,0.15677831321954727,269,LeducPoker,DeepCFR2
17847933,0.1669122651219368,270,LeducPoker,DeepCFR2
17910519,0.1669122651219368,271,LeducPoker,DeepCFR2
17970566,0.1669122651219368,272,LeducPoker,DeepCFR2
18030805,0.1669122651219368,273,LeducPoker,DeepCFR2
18090009,0.1669122651219368,274,LeducPoker,DeepCFR2
18151958,0.1669122651219368,275,LeducPoker,DeepCFR2
18210128,0.1669122651219368,276,LeducPoker,DeepCFR2
18268898,0.1669122651219368,277,LeducPoker,DeepCFR2
18327518,0.1669122651219368,278,LeducPoker,DeepCFR2
18386639,0.1669122651219368,279,LeducPoker,DeepCFR2
18448806,0.1669122651219368,280,LeducPoker,DeepCFR2
18507834,0.1669122651219368,281,LeducPoker,DeepCFR2
18569701,0.1669122651219368,282,LeducPoker,DeepCFR2
18629979,0.1669122651219368,283,LeducPoker,DeepCFR2
18705563,0.1669122651219368,284,LeducPoker,DeepCFR2
18769963,0.14821261912584305,285,LeducPoker,DeepCFR2
18845564,0.14821261912584305,286,LeducPoker,DeepCFR2
18918430,0.14821261912584305,287,LeducPoker,DeepCFR2
18985397,0.14821261912584305,288,LeducPoker,DeepCFR2
19057627,0.14821261912584305,289,LeducPoker,DeepCFR2
19131059,0.14821261912584305,290,LeducPoker,DeepCFR2
19201613,0.14821261912584305,291,LeducPoker,DeepCFR2
19269637,0.14821261912584305,292,LeducPoker,DeepCFR2
19342212,0.14821261912584305,293,LeducPoker,DeepCFR2
19415921,0.14821261912584305,294,LeducPoker,DeepCFR2
19481301,0.14821261912584305,295,LeducPoker,DeepCFR2
19554760,0.14821261912584305,296,LeducPoker,DeepCFR2
19627448,0.14821261912584305,297,LeducPoker,DeepCFR2
19702637,0.14821261912584305,298,LeducPoker,DeepCFR2
19771745,0.14821261912584305,299,LeducPoker,DeepCFR2
19847151,0.1540316343307495,300,LeducPoker,DeepCFR2
19916740,0.1540316343307495,301,LeducPoker,DeepCFR2
19990862,0.1540316343307495,302,LeducPoker,DeepCFR2
20064510,0.1540316343307495,303,LeducPoker,DeepCFR2
20139590,0.1540316343307495,304,LeducPoker,DeepCFR2
20208830,0.1540316343307495,305,LeducPoker,DeepCFR2
20277601,0.1540316343307495,306,LeducPoker,DeepCFR2
20347101,0.1540316343307495,307,LeducPoker,DeepCFR2
20417207,0.1540316343307495,308,LeducPoker,DeepCFR2
20483632,0.1540316343307495,309,LeducPoker,DeepCFR2
20545304,0.1540316343307495,310,LeducPoker,DeepCFR2
20614674,0.1540316343307495,311,LeducPoker,DeepCFR2
20680212,0.1540316343307495,312,LeducPoker,DeepCFR2
20738983,0.1540316343307495,313,LeducPoker,DeepCFR2
20797488,0.1540316343307495,314,LeducPoker,DeepCFR2
20856080,0.1646813526749611,315,LeducPoker,DeepCFR2
20922977,0.1646813526749611,316,LeducPoker,DeepCFR2
20993991,0.1646813526749611,317,LeducPoker,DeepCFR2
21058432,0.1646813526749611,318,LeducPoker,DeepCFR2
21126729,0.1646813526749611,319,LeducPoker,DeepCFR2
21200542,0.1646813526749611,320,LeducPoker,DeepCFR2
21256259,0.1646813526749611,321,LeducPoker,DeepCFR2
21321811,0.1646813526749611,322,LeducPoker,DeepCFR2
21389345,0.1646813526749611,323,LeducPoker,DeepCFR2
21454564,0.1646813526749611,324,LeducPoker,DeepCFR2
21515285,0.1646813526749611,325,LeducPoker,DeepCFR2
21580801,0.1646813526749611,326,LeducPoker,DeepCFR2
21652885,0.1646813526749611,327,LeducPoker,DeepCFR2
21719156,0.1646813526749611,328,LeducPoker,DeepCFR2
21786212,0.1646813526749611,329,LeducPoker,DeepCFR2
21846413,0.13294551521539688,330,LeducPoker,DeepCFR2
21910622,0.13294551521539688,331,LeducPoker,DeepCFR2
21975115,0.13294551521539688,332,LeducPoker,DeepCFR2
22037622,0.13294551521539688,333,LeducPoker,DeepCFR2
22104903,0.13294551521539688,334,LeducPoker,DeepCFR2
22171917,0.13294551521539688,335,LeducPoker,DeepCFR2
22232650,0.13294551521539688,336,LeducPoker,DeepCFR2
22300154,0.13294551521539688,337,LeducPoker,DeepCFR2
22362786,0.13294551521539688,338,LeducPoker,DeepCFR2
22427547,0.13294551521539688,339,LeducPoker,DeepCFR2
22495875,0.13294551521539688,340,LeducPoker,DeepCFR2
22562021,0.13294551521539688,341,LeducPoker,DeepCFR2
22627012,0.13294551521539688,342,LeducPoker,DeepCFR2
22687489,0.13294551521539688,343,LeducPoker,DeepCFR2
22749941,0.13294551521539688,344,LeducPoker,DeepCFR2
22806814,0.11349334940314293,345,LeducPoker,DeepCFR2
22870553,0.11349334940314293,346,LeducPoker,DeepCFR2
22934269,0.11349334940314293,347,LeducPoker,DeepCFR2
22995620,0.11349334940314293,348,LeducPoker,DeepCFR2
23057776,0.11349334940314293,349,LeducPoker,DeepCFR2
23124746,0.11349334940314293,350,LeducPoker,DeepCFR2
23188962,0.11349334940314293,351,LeducPoker,DeepCFR2
23244558,0.11349334940314293,352,LeducPoker,DeepCFR2
23309033,0.11349334940314293,353,LeducPoker,DeepCFR2
23371931,0.11349334940314293,354,LeducPoker,DeepCFR2
23436914,0.11349334940314293,355,LeducPoker,DeepCFR2
23501788,0.11349334940314293,356,LeducPoker,DeepCFR2
23564918,0.11349334940314293,357,LeducPoker,DeepCFR2
23628365,0.11349334940314293,358,LeducPoker,DeepCFR2
23692490,0.11349334940314293,359,LeducPoker,DeepCFR2
23756033,0.12588226050138474,360,LeducPoker,DeepCFR2
23819033,0.12588226050138474,361,LeducPoker,DeepCFR2
23881606,0.12588226050138474,362,LeducPoker,DeepCFR2
23945376,0.12588226050138474,363,LeducPoker,DeepCFR2
24008777,0.12588226050138474,364,LeducPoker,DeepCFR2
24074483,0.12588226050138474,365,LeducPoker,DeepCFR2
24134853,0.12588226050138474,366,LeducPoker,DeepCFR2
24196370,0.12588226050138474,367,LeducPoker,DeepCFR2
24260530,0.12588226050138474,368,LeducPoker,DeepCFR2
24326036,0.12588226050138474,369,LeducPoker,DeepCFR2
24389848,0.12588226050138474,370,LeducPoker,DeepCFR2
24453072,0.12588226050138474,371,LeducPoker,DeepCFR2
24515248,0.12588226050138474,372,LeducPoker,DeepCFR2
24572240,0.12588226050138474,373,LeducPoker,DeepCFR2
24643672,0.12588226050138474,374,LeducPoker,DeepCFR2
24699229,0.10706501081585884,375,LeducPoker,DeepCFR2
24760516,0.10706501081585884,376,LeducPoker,DeepCFR2
24822832,0.10706501081585884,377,LeducPoker,DeepCFR2
24885016,0.10706501081585884,378,LeducPoker,DeepCFR2
24956421,0.10706501081585884,379,LeducPoker,DeepCFR2
25018621,0.10706501081585884,380,LeducPoker,DeepCFR2
25077424,0.10706501081585884,381,LeducPoker,DeepCFR2
25139914,0.10706501081585884,382,LeducPoker,DeepCFR2
25194991,0.10706501081585884,383,LeducPoker,DeepCFR2
25259965,0.10706501081585884,384,LeducPoker,DeepCFR2
25331666,0.10706501081585884,385,LeducPoker,DeepCFR2
25392572,0.10706501081585884,386,LeducPoker,DeepCFR2
25451214,0.10706501081585884,387,LeducPoker,DeepCFR2
25512533,0.10706501081585884,388,LeducPoker,DeepCFR2
25568580,0.10706501081585884,389,LeducPoker,DeepCFR2
25629503,0.12140868604183197,390,LeducPoker,DeepCFR2
25689893,0.12140868604183197,391,LeducPoker,DeepCFR2
25753065,0.12140868604183197,392,LeducPoker,DeepCFR2
25829130,0.12140868604183197,393,LeducPoker,DeepCFR2
25900234,0.12140868604183197,394,LeducPoker,DeepCFR2
25976684,0.12140868604183197,395,LeducPoker,DeepCFR2
26046677,0.12140868604183197,396,LeducPoker,DeepCFR2
26107147,0.12140868604183197,397,LeducPoker,DeepCFR2
26177602,0.12140868604183197,398,LeducPoker,DeepCFR2
26248692,0.12140868604183197,399,LeducPoker,DeepCFR2
26303294,0.12140868604183197,400,LeducPoker,DeepCFR2
26369773,0.12140868604183197,401,LeducPoker,DeepCFR2
26433445,0.12140868604183197,402,LeducPoker,DeepCFR2
26489007,0.12140868604183197,403,LeducPoker,DeepCFR2
26559645,0.12140868604183197,404,LeducPoker,DeepCFR2
26626799,0.11376635357737541,405,LeducPoker,DeepCFR2
26680884,0.11376635357737541,406,LeducPoker,DeepCFR2
26750534,0.11376635357737541,407,LeducPoker,DeepCFR2
26823573,0.11376635357737541,408,LeducPoker,DeepCFR2
26887292,0.11376635357737541,409,LeducPoker,DeepCFR2
26946942,0.11376635357737541,410,LeducPoker,DeepCFR2
27012547,0.11376635357737541,411,LeducPoker,DeepCFR2
27070489,0.11376635357737541,412,LeducPoker,DeepCFR2
27130402,0.11376635357737541,413,LeducPoker,DeepCFR2
27190820,0.11376635357737541,414,LeducPoker,DeepCFR2
27260263,0.11376635357737541,415,LeducPoker,DeepCFR2
27328524,0.11376635357737541,416,LeducPoker,DeepCFR2
27397567,0.11376635357737541,417,LeducPoker,DeepCFR2
27458505,0.11376635357737541,418,LeducPoker,DeepCFR2
27517583,0.11376635357737541,419,LeducPoker,DeepCFR2
27578456,0.12252648174762726,420,LeducPoker,DeepCFR2
27652841,0.12252648174762726,421,LeducPoker,DeepCFR2
27725557,0.12252648174762726,422,LeducPoker,DeepCFR2
27782843,0.12252648174762726,423,LeducPoker,DeepCFR2
27842669,0.12252648174762726,424,LeducPoker,DeepCFR2
27907919,0.12252648174762726,425,LeducPoker,DeepCFR2
27970042,0.12252648174762726,426,LeducPoker,DeepCFR2
28033661,0.12252648174762726,427,LeducPoker,DeepCFR2
28097086,0.12252648174762726,428,LeducPoker,DeepCFR2
28156834,0.12252648174762726,429,LeducPoker,DeepCFR2
28222446,0.12252648174762726,430,LeducPoker,DeepCFR2
28295943,0.12252648174762726,431,LeducPoker,DeepCFR2
28353310,0.12252648174762726,432,LeducPoker,DeepCFR2
28415681,0.12252648174762726,433,LeducPoker,DeepCFR2
28490565,0.12252648174762726,434,LeducPoker,DeepCFR2
28558164,0.12529029697179794,435,LeducPoker,DeepCFR2
28622305,0.12529029697179794,436,LeducPoker,DeepCFR2
28694539,0.12529029697179794,437,LeducPoker,DeepCFR2
28760071,0.12529029697179794,438,LeducPoker,DeepCFR2
28826113,0.12529029697179794,439,LeducPoker,DeepCFR2
28892244,0.12529029697179794,440,LeducPoker,DeepCFR2
28959824,0.12529029697179794,441,LeducPoker,DeepCFR2
29026832,0.12529029697179794,442,LeducPoker,DeepCFR2
29096473,0.12529029697179794,443,LeducPoker,DeepCFR2
29162245,0.12529029697179794,444,LeducPoker,DeepCFR2
29225688,0.12529029697179794,445,LeducPoker,DeepCFR2
29293749,0.12529029697179794,446,LeducPoker,DeepCFR2
29363975,0.12529029697179794,447,LeducPoker,DeepCFR2
29435865,0.12529029697179794,448,LeducPoker,DeepCFR2
29503445,0.12529029697179794,449,LeducPoker,DeepCFR2
29574573,0.150420643389225,450,LeducPoker,DeepCFR2
29637595,0.150420643389225,451,LeducPoker,DeepCFR2
29705463,0.150420643389225,452,LeducPoker,DeepCFR2
29771848,0.150420643389225,453,LeducPoker,DeepCFR2
29842003,0.150420643389225,454,LeducPoker,DeepCFR2
29908427,0.150420643389225,455,LeducPoker,DeepCFR2
29971233,0.150420643389225,456,LeducPoker,DeepCFR2
30031642,0.150420643389225,457,LeducPoker,DeepCFR2
30101255,0.150420643389225,458,LeducPoker,DeepCFR2
30166762,0.150420643389225,459,LeducPoker,DeepCFR2
30231621,0.150420643389225,460,LeducPoker,DeepCFR2
30298349,0.150420643389225,461,LeducPoker,DeepCFR2
30364354,0.150420643389225,462,LeducPoker,DeepCFR2
30429967,0.150420643389225,463,LeducPoker,DeepCFR2
30496271,0.150420643389225,464,LeducPoker,DeepCFR2
30557142,0.13567383587360382,465,LeducPoker,DeepCFR2
30616907,0.13567383587360382,466,LeducPoker,DeepCFR2
30684502,0.13567383587360382,467,LeducPoker,DeepCFR2
30750231,0.13567383587360382,468,LeducPoker,DeepCFR2
30819469,0.13567383587360382,469,LeducPoker,DeepCFR2
30878719,0.13567383587360382,470,LeducPoker,DeepCFR2
30946182,0.13567383587360382,471,LeducPoker,DeepCFR2
31018694,0.13567383587360382,472,LeducPoker,DeepCFR2
31087929,0.13567383587360382,473,LeducPoker,DeepCFR2
31155166,0.13567383587360382,474,LeducPoker,DeepCFR2
31222172,0.13567383587360382,475,LeducPoker,DeepCFR2
31296458,0.13567383587360382,476,LeducPoker,DeepCFR2
31362953,0.13567383587360382,477,LeducPoker,DeepCFR2
31429325,0.13567383587360382,478,LeducPoker,DeepCFR2
31493555,0.13567383587360382,479,LeducPoker,DeepCFR2
31562719,0.15638446062803268,480,LeducPoker,DeepCFR2
31636329,0.15638446062803268,481,LeducPoker,DeepCFR2
31704687,0.15638446062803268,482,LeducPoker,DeepCFR2
31771563,0.15638446062803268,483,LeducPoker,DeepCFR2
31839764,0.15638446062803268,484,LeducPoker,DeepCFR2
31908113,0.15638446062803268,485,LeducPoker,DeepCFR2
31973865,0.15638446062803268,486,LeducPoker,DeepCFR2
32048394,0.15638446062803268,487,LeducPoker,DeepCFR2
32118045,0.15638446062803268,488,LeducPoker,DeepCFR2
32184599,0.15638446062803268,489,LeducPoker,DeepCFR2
32251665,0.15638446062803268,490,LeducPoker,DeepCFR2
32321587,0.15638446062803268,491,LeducPoker,DeepCFR2
32383238,0.15638446062803268,492,LeducPoker,DeepCFR2
32461048,0.15638446062803268,493,LeducPoker,DeepCFR2
32526411,0.15638446062803268,494,LeducPoker,DeepCFR2
32602367,0.16658185422420502,495,LeducPoker,DeepCFR2
32670816,0.16658185422420502,496,LeducPoker,DeepCFR2
32748792,0.16658185422420502,497,LeducPoker,DeepCFR2
32818163,0.16658185422420502,498,LeducPoker,DeepCFR2
32893251,0.16658185422420502,499,LeducPoker,DeepCFR2
32965719,0.16658185422420502,500,LeducPoker,DeepCFR2
33036425,0.16658185422420502,501,LeducPoker,DeepCFR2
33106373,0.16658185422420502,502,LeducPoker,DeepCFR2
33179149,0.16658185422420502,503,LeducPoker,DeepCFR2
33253365,0.16658185422420502,504,LeducPoker,DeepCFR2
33322081,0.16658185422420502,505,LeducPoker,DeepCFR2
33398256,0.16658185422420502,506,LeducPoker,DeepCFR2
33472757,0.16658185422420502,507,LeducPoker,DeepCFR2
33542919,0.16658185422420502,508,LeducPoker,DeepCFR2
33604458,0.16658185422420502,509,LeducPoker,DeepCFR2
33680102,0.13784625381231308,510,LeducPoker,DeepCFR2
33742993,0.13784625381231308,511,LeducPoker,DeepCFR2
33814286,0.13784625381231308,512,LeducPoker,DeepCFR2
33880869,0.13784625381231308,513,LeducPoker,DeepCFR2
33953959,0.13784625381231308,514,LeducPoker,DeepCFR2
34027842,0.13784625381231308,515,LeducPoker,DeepCFR2
34099620,0.13784625381231308,516,LeducPoker,DeepCFR2
34161248,0.13784625381231308,517,LeducPoker,DeepCFR2
34224480,0.13784625381231308,518,LeducPoker,DeepCFR2
34295719,0.13784625381231308,519,LeducPoker,DeepCFR2
34369932,0.13784625381231308,520,LeducPoker,DeepCFR2
34444909,0.13784625381231308,521,LeducPoker,DeepCFR2
34517341,0.13784625381231308,522,LeducPoker,DeepCFR2
34591100,0.13784625381231308,523,LeducPoker,DeepCFR2
34664482,0.13784625381231308,524,LeducPoker,DeepCFR2
34736824,0.1261996552348137,525,LeducPoker,DeepCFR2
34812284,0.1261996552348137,526,LeducPoker,DeepCFR2
34884938,0.1261996552348137,527,LeducPoker,DeepCFR2
34959958,0.1261996552348137,528,LeducPoker,DeepCFR2
35035596,0.1261996552348137,529,LeducPoker,DeepCFR2
35109510,0.1261996552348137,530,LeducPoker,DeepCFR2
35188461,0.1261996552348137,531,LeducPoker,DeepCFR2
35264715,0.1261996552348137,532,LeducPoker,DeepCFR2
35337565,0.1261996552348137,533,LeducPoker,DeepCFR2
35410583,0.1261996552348137,534,LeducPoker,DeepCFR2
35485838,0.1261996552348137,535,LeducPoker,DeepCFR2
35563560,0.1261996552348137,536,LeducPoker,DeepCFR2
35636716,0.1261996552348137,537,LeducPoker,DeepCFR2
35711070,0.1261996552348137,538,LeducPoker,DeepCFR2
35774918,0.1261996552348137,539,LeducPoker,DeepCFR2
35842192,0.12452534586191177,540,LeducPoker,DeepCFR2
35905169,0.12452534586191177,541,LeducPoker,DeepCFR2
35972166,0.12452534586191177,542,LeducPoker,DeepCFR2
36034826,0.12452534586191177,543,LeducPoker,DeepCFR2
36102348,0.12452534586191177,544,LeducPoker,DeepCFR2
36163489,0.12452534586191177,545,LeducPoker,DeepCFR2
36226887,0.12452534586191177,546,LeducPoker,DeepCFR2
36293383,0.12452534586191177,547,LeducPoker,DeepCFR2
36359336,0.12452534586191177,548,LeducPoker,DeepCFR2
36423190,0.12452534586191177,549,LeducPoker,DeepCFR2
36486527,0.12452534586191177,550,LeducPoker,DeepCFR2
36549061,0.12452534586191177,551,LeducPoker,DeepCFR2
36617995,0.12452534586191177,552,LeducPoker,DeepCFR2
36683427,0.12452534586191177,553,LeducPoker,DeepCFR2
36755161,0.12452534586191177,554,LeducPoker,DeepCFR2
36819350,0.13301729410886765,555,LeducPoker,DeepCFR2
36881667,0.13301729410886765,556,LeducPoker,DeepCFR2
36947059,0.13301729410886765,557,LeducPoker,DeepCFR2
37011270,0.13301729410886765,558,LeducPoker,DeepCFR2
37078679,0.13301729410886765,559,LeducPoker,DeepCFR2
37144096,0.13301729410886765,560,LeducPoker,DeepCFR2
37209297,0.13301729410886765,561,LeducPoker,DeepCFR2
37275471,0.13301729410886765,562,LeducPoker,DeepCFR2
37339310,0.13301729410886765,563,LeducPoker,DeepCFR2
37404970,0.13301729410886765,564,LeducPoker,DeepCFR2
37469832,0.13301729410886765,565,LeducPoker,DeepCFR2
37534284,0.13301729410886765,566,LeducPoker,DeepCFR2
37600506,0.13301729410886765,567,LeducPoker,DeepCFR2
37667732,0.13301729410886765,568,LeducPoker,DeepCFR2
37733922,0.13301729410886765,569,LeducPoker,DeepCFR2
37798810,0.1469491422176361,570,LeducPoker,DeepCFR2
37867778,0.1469491422176361,571,LeducPoker,DeepCFR2
37934261,0.1469491422176361,572,LeducPoker,DeepCFR2
38002090,0.1469491422176361,573,LeducPoker,DeepCFR2
38072239,0.1469491422176361,574,LeducPoker,DeepCFR2
38138326,0.1469491422176361,575,LeducPoker,DeepCFR2
38204885,0.1469491422176361,576,LeducPoker,DeepCFR2
38270133,0.1469491422176361,577,LeducPoker,DeepCFR2
38336372,0.1469491422176361,578,LeducPoker,DeepCFR2
38399401,0.1469491422176361,579,LeducPoker,DeepCFR2
38466969,0.1469491422176361,580,LeducPoker,DeepCFR2
38536085,0.1469491422176361,581,LeducPoker,DeepCFR2
38603079,0.1469491422176361,582,LeducPoker,DeepCFR2
38672521,0.1469491422176361,583,LeducPoker,DeepCFR2
38744923,0.1469491422176361,584,LeducPoker,DeepCFR2
38813349,0.13246607035398483,585,LeducPoker,DeepCFR2
38880769,0.13246607035398483,586,LeducPoker,DeepCFR2
38947941,0.13246607035398483,587,LeducPoker,DeepCFR2
39016562,0.13246607035398483,588,LeducPoker,DeepCFR2
39082241,0.13246607035398483,589,LeducPoker,DeepCFR2
39152605,0.13246607035398483,590,LeducPoker,DeepCFR2
39218610,0.13246607035398483,591,LeducPoker,DeepCFR2
39282888,0.13246607035398483,592,LeducPoker,DeepCFR2
39347649,0.13246607035398483,593,LeducPoker,DeepCFR2
39412047,0.13246607035398483,594,LeducPoker,DeepCFR2
39475075,0.13246607035398483,595,LeducPoker,DeepCFR2
39539792,0.13246607035398483,596,LeducPoker,DeepCFR2
39604772,0.13246607035398483,597,LeducPoker,DeepCFR2
39668846,0.13246607035398483,598,LeducPoker,DeepCFR2
39734801,0.13246607035398483,599,LeducPoker,DeepCFR2
39798461,0.1152721419930458,600,LeducPoker,DeepCFR2
39866045,0.1152721419930458,601,LeducPoker,DeepCFR2
39931083,0.1152721419930458,602,LeducPoker,DeepCFR2
39994475,0.1152721419930458,603,LeducPoker,DeepCFR2
40060608,0.1152721419930458,604,LeducPoker,DeepCFR2
40125237,0.1152721419930458,605,LeducPoker,DeepCFR2
40190895,0.1152721419930458,606,LeducPoker,DeepCFR2
40258276,0.1152721419930458,607,LeducPoker,DeepCFR2
40324599,0.1152721419930458,608,LeducPoker,DeepCFR2
40387093,0.1152721419930458,609,LeducPoker,DeepCFR2
40450228,0.1152721419930458,610,LeducPoker,DeepCFR2
40512615,0.1152721419930458,611,LeducPoker,DeepCFR2
40578021,0.1152721419930458,612,LeducPoker,DeepCFR2
40641435,0.1152721419930458,613,LeducPoker,DeepCFR2
40706792,0.1152721419930458,614,LeducPoker,DeepCFR2
40767548,0.12313764542341232,615,LeducPoker,DeepCFR2
40826783,0.12313764542341232,616,LeducPoker,DeepCFR2
40890658,0.12313764542341232,617,LeducPoker,DeepCFR2
40953680,0.12313764542341232,618,LeducPoker,DeepCFR2
41018889,0.12313764542341232,619,LeducPoker,DeepCFR2
41077354,0.12313764542341232,620,LeducPoker,DeepCFR2
41142700,0.12313764542341232,621,LeducPoker,DeepCFR2
41209612,0.12313764542341232,622,LeducPoker,DeepCFR2
41273505,0.12313764542341232,623,LeducPoker,DeepCFR2
41332432,0.12313764542341232,624,LeducPoker,DeepCFR2
41392305,0.12313764542341232,625,LeducPoker,DeepCFR2
41452194,0.12313764542341232,626,LeducPoker,DeepCFR2
41512264,0.12313764542341232,627,LeducPoker,DeepCFR2
41571130,0.12313764542341232,628,LeducPoker,DeepCFR2
41629570,0.12313764542341232,629,LeducPoker,DeepCFR2
41689450,0.11398332938551903,630,LeducPoker,DeepCFR2
41754649,0.11398332938551903,631,LeducPoker,DeepCFR2
41818146,0.11398332938551903,632,LeducPoker,DeepCFR2
41877242,0.11398332938551903,633,LeducPoker,DeepCFR2
41940021,0.11398332938551903,634,LeducPoker,DeepCFR2
41997722,0.11398332938551903,635,LeducPoker,DeepCFR2
42058069,0.11398332938551903,636,LeducPoker,DeepCFR2
42120902,0.11398332938551903,637,LeducPoker,DeepCFR2
42179499,0.11398332938551903,638,LeducPoker,DeepCFR2
42237724,0.11398332938551903,639,LeducPoker,DeepCFR2
42304764,0.11398332938551903,640,LeducPoker,DeepCFR2
42362306,0.11398332938551903,641,LeducPoker,DeepCFR2
42425649,0.11398332938551903,642,LeducPoker,DeepCFR2
42482264,0.11398332938551903,643,LeducPoker,DeepCFR2
42541524,0.11398332938551903,644,LeducPoker,DeepCFR2
42605788,0.11648393049836159,645,LeducPoker,DeepCFR2
42664744,0.11648393049836159,646,LeducPoker,DeepCFR2
42728789,0.11648393049836159,647,LeducPoker,DeepCFR2
42788928,0.11648393049836159,648,LeducPoker,DeepCFR2
42854048,0.11648393049836159,649,LeducPoker,DeepCFR2
42910726,0.11648393049836159,650,LeducPoker,DeepCFR2
42976483,0.11648393049836159,651,LeducPoker,DeepCFR2
43035530,0.11648393049836159,652,LeducPoker,DeepCFR2
43094874,0.11648393049836159,653,LeducPoker,DeepCFR2
43155266,0.11648393049836159,654,LeducPoker,DeepCFR2
43217351,0.11648393049836159,655,LeducPoker,DeepCFR2
43274458,0.11648393049836159,656,LeducPoker,DeepCFR2
43337856,0.11648393049836159,657,LeducPoker,DeepCFR2
43400965,0.11648393049836159,658,LeducPoker,DeepCFR2
43463027,0.11648393049836159,659,LeducPoker,DeepCFR2
43520869,0.12695913761854172,660,LeducPoker,DeepCFR2
43580623,0.12695913761854172,661,LeducPoker,DeepCFR2
43648331,0.12695913761854172,662,LeducPoker,DeepCFR2
43708387,0.12695913761854172,663,LeducPoker,DeepCFR2
43772580,0.12695913761854172,664,LeducPoker,DeepCFR2
43834047,0.12695913761854172,665,LeducPoker,DeepCFR2
43900983,0.12695913761854172,666,LeducPoker,DeepCFR2
43966658,0.12695913761854172,667,LeducPoker,DeepCFR2
44030164,0.12695913761854172,668,LeducPoker,DeepCFR2
44098808,0.12695913761854172,669,LeducPoker,DeepCFR2
44162751,0.12695913761854172,670,LeducPoker,DeepCFR2
44231224,0.12695913761854172,671,LeducPoker,DeepCFR2
44296104,0.12695913761854172,672,LeducPoker,DeepCFR2
44357276,0.12695913761854172,673,LeducPoker,DeepCFR2
44426176,0.12695913761854172,674,LeducPoker,DeepCFR2
44491499,0.1175195723772049,675,LeducPoker,DeepCFR2
44556210,0.1175195723772049,676,LeducPoker,DeepCFR2
44625619,0.1175195723772049,677,LeducPoker,DeepCFR2
44691743,0.1175195723772049,678,LeducPoker,DeepCFR2
44759714,0.1175195723772049,679,LeducPoker,DeepCFR2
44827322,0.1175195723772049,680,LeducPoker,DeepCFR2
44891257,0.1175195723772049,681,LeducPoker,DeepCFR2
44957680,0.1175195723772049,682,LeducPoker,DeepCFR2
45024834,0.1175195723772049,683,LeducPoker,DeepCFR2
45095292,0.1175195723772049,684,LeducPoker,DeepCFR2
45158274,0.1175195723772049,685,LeducPoker,DeepCFR2
45225066,0.1175195723772049,686,LeducPoker,DeepCFR2
45295907,0.1175195723772049,687,LeducPoker,DeepCFR2
45360916,0.1175195723772049,688,LeducPoker,DeepCFR2
45428609,0.1175195723772049,689,LeducPoker,DeepCFR2
45485877,0.10730764642357826,690,LeducPoker,DeepCFR2
45550283,0.10730764642357826,691,LeducPoker,DeepCFR2
45617849,0.10730764642357826,692,LeducPoker,DeepCFR2
45682139,0.10730764642357826,693,LeducPoker,DeepCFR2
45750782,0.10730764642357826,694,LeducPoker,DeepCFR2
45815106,0.10730764642357826,695,LeducPoker,DeepCFR2
45881152,0.10730764642357826,696,LeducPoker,DeepCFR2
45944870,0.10730764642357826,697,LeducPoker,DeepCFR2
46009437,0.10730764642357826,698,LeducPoker,DeepCFR2
46075325,0.10730764642357826,699,LeducPoker,DeepCFR2
46141411,0.10730764642357826,700,LeducPoker,DeepCFR2
46213296,0.10730764642357826,701,LeducPoker,DeepCFR2
46277891,0.10730764642357826,702,LeducPoker,DeepCFR2
46343961,0.10730764642357826,703,LeducPoker,DeepCFR2
46410780,0.10730764642357826,704,LeducPoker,DeepCFR2
46475126,0.11552523821592331,705,LeducPoker,DeepCFR2
46540054,0.11552523821592331,706,LeducPoker,DeepCFR2
46610847,0.11552523821592331,707,LeducPoker,DeepCFR2
46678594,0.11552523821592331,708,LeducPoker,DeepCFR2
46751337,0.11552523821592331,709,LeducPoker,DeepCFR2
46818923,0.11552523821592331,710,LeducPoker,DeepCFR2
46892366,0.11552523821592331,711,LeducPoker,DeepCFR2
46957625,0.11552523821592331,712,LeducPoker,DeepCFR2
47028943,0.11552523821592331,713,LeducPoker,DeepCFR2
47092045,0.11552523821592331,714,LeducPoker,DeepCFR2
47158197,0.11552523821592331,715,LeducPoker,DeepCFR2
47231740,0.11552523821592331,716,LeducPoker,DeepCFR2
47297334,0.11552523821592331,717,LeducPoker,DeepCFR2
47361406,0.11552523821592331,718,LeducPoker,DeepCFR2
47429987,0.11552523821592331,719,LeducPoker,DeepCFR2
47500906,0.10267367586493492,720,LeducPoker,DeepCFR2
47567180,0.10267367586493492,721,LeducPoker,DeepCFR2
47637111,0.10267367586493492,722,LeducPoker,DeepCFR2
47705018,0.10267367586493492,723,LeducPoker,DeepCFR2
47767240,0.10267367586493492,724,LeducPoker,DeepCFR2
47832846,0.10267367586493492,725,LeducPoker,DeepCFR2
47902151,0.10267367586493492,726,LeducPoker,DeepCFR2
47973236,0.10267367586493492,727,LeducPoker,DeepCFR2
48036683,0.10267367586493492,728,LeducPoker,DeepCFR2
48102976,0.10267367586493492,729,LeducPoker,DeepCFR2
48170530,0.10267367586493492,730,LeducPoker,DeepCFR2
48234817,0.10267367586493492,731,LeducPoker,DeepCFR2
48297642,0.10267367586493492,732,LeducPoker,DeepCFR2
48362445,0.10267367586493492,733,LeducPoker,DeepCFR2
48426167,0.10267367586493492,734,LeducPoker,DeepCFR2
48495005,0.11264167726039886,735,LeducPoker,DeepCFR2
48567347,0.11264167726039886,736,LeducPoker,DeepCFR2
48633260,0.11264167726039886,737,LeducPoker,DeepCFR2
48697020,0.11264167726039886,738,LeducPoker,DeepCFR2
48762711,0.11264167726039886,739,LeducPoker,DeepCFR2
48826282,0.11264167726039886,740,LeducPoker,DeepCFR2
48892406,0.11264167726039886,741,LeducPoker,DeepCFR2
48959323,0.11264167726039886,742,LeducPoker,DeepCFR2
49031369,0.11264167726039886,743,LeducPoker,DeepCFR2
49094479,0.11264167726039886,744,LeducPoker,DeepCFR2
49161640,0.11264167726039886,745,LeducPoker,DeepCFR2
49231076,0.11264167726039886,746,LeducPoker,DeepCFR2
49294713,0.11264167726039886,747,LeducPoker,DeepCFR2
49357974,0.11264167726039886,748,LeducPoker,DeepCFR2
49425072,0.11264167726039886,749,LeducPoker,DeepCFR2
49490797,0.11022161692380905,750,LeducPoker,DeepCFR2
49561427,0.11022161692380905,751,LeducPoker,DeepCFR2
49625360,0.11022161692380905,752,LeducPoker,DeepCFR2
49693852,0.11022161692380905,753,LeducPoker,DeepCFR2
49758633,0.11022161692380905,754,LeducPoker,DeepCFR2
49824236,0.11022161692380905,755,LeducPoker,DeepCFR2
49892246,0.11022161692380905,756,LeducPoker,DeepCFR2
49954951,0.11022161692380905,757,LeducPoker,DeepCFR2
50019359,0.11022161692380905,758,LeducPoker,DeepCFR2
50084098,0.11022161692380905,759,LeducPoker,DeepCFR2
50149652,0.11022161692380905,760,LeducPoker,DeepCFR2
50213566,0.11022161692380905,761,LeducPoker,DeepCFR2
50278204,0.11022161692380905,762,LeducPoker,DeepCFR2
50345683,0.11022161692380905,763,LeducPoker,DeepCFR2
50410632,0.11022161692380905,764,LeducPoker,DeepCFR2
50472803,0.11160598322749138,765,LeducPoker,DeepCFR2
50537309,0.11160598322749138,766,LeducPoker,DeepCFR2
50605578,0.11160598322749138,767,LeducPoker,DeepCFR2
50669326,0.11160598322749138,768,LeducPoker,DeepCFR2
50733189,0.11160598322749138,769,LeducPoker,DeepCFR2
50809532,0.11160598322749138,770,LeducPoker,DeepCFR2
50874728,0.11160598322749138,771,LeducPoker,DeepCFR2
50937681,0.11160598322749138,772,LeducPoker,DeepCFR2
51006180,0.11160598322749138,773,LeducPoker,DeepCFR2
51071121,0.11160598322749138,774,LeducPoker,DeepCFR2
51134499,0.11160598322749138,775,LeducPoker,DeepCFR2
51197911,0.11160598322749138,776,LeducPoker,DeepCFR2
51262921,0.11160598322749138,777,LeducPoker,DeepCFR2
51325884,0.11160598322749138,778,LeducPoker,DeepCFR2
51390727,0.11160598322749138,779,LeducPoker,DeepCFR2
51455090,0.11236429959535599,780,LeducPoker,DeepCFR2
51522373,0.11236429959535599,781,LeducPoker,DeepCFR2
51586068,0.11236429959535599,782,LeducPoker,DeepCFR2
51658047,0.11236429959535599,783,LeducPoker,DeepCFR2
51721854,0.11236429959535599,784,LeducPoker,DeepCFR2
51790221,0.11236429959535599,785,LeducPoker,DeepCFR2
51865556,0.11236429959535599,786,LeducPoker,DeepCFR2
51936846,0.11236429959535599,787,LeducPoker,DeepCFR2
52004325,0.11236429959535599,788,LeducPoker,DeepCFR2
52076388,0.11236429959535599,789,LeducPoker,DeepCFR2
52142715,0.11236429959535599,790,LeducPoker,DeepCFR2
52215068,0.11236429959535599,791,LeducPoker,DeepCFR2
52280167,0.11236429959535599,792,LeducPoker,DeepCFR2
52345972,0.11236429959535599,793,LeducPoker,DeepCFR2
52407263,0.11236429959535599,794,LeducPoker,DeepCFR2
52470851,0.1417330950498581,795,LeducPoker,DeepCFR2
52539353,0.1417330950498581,796,LeducPoker,DeepCFR2
52611951,0.1417330950498581,797,LeducPoker,DeepCFR2
52677377,0.1417330950498581,798,LeducPoker,DeepCFR2
52755974,0.1417330950498581,799,LeducPoker,DeepCFR2
52822793,0.1417330950498581,800,LeducPoker,DeepCFR2
52898630,0.1417330950498581,801,LeducPoker,DeepCFR2
52969337,0.1417330950498581,802,LeducPoker,DeepCFR2
53034844,0.1417330950498581,803,LeducPoker,DeepCFR2
53098634,0.1417330950498581,804,LeducPoker,DeepCFR2
53175975,0.1417330950498581,805,LeducPoker,DeepCFR2
53255532,0.1417330950498581,806,LeducPoker,DeepCFR2
53332139,0.1417330950498581,807,LeducPoker,DeepCFR2
53396846,0.1417330950498581,808,LeducPoker,DeepCFR2
53468837,0.1417330950498581,809,LeducPoker,DeepCFR2
53534152,0.11561459302902222,810,LeducPoker,DeepCFR2
53600920,0.11561459302902222,811,LeducPoker,DeepCFR2
53663758,0.11561459302902222,812,LeducPoker,DeepCFR2
53738586,0.11561459302902222,813,LeducPoker,DeepCFR2
53802231,0.11561459302902222,814,LeducPoker,DeepCFR2
53863670,0.11561459302902222,815,LeducPoker,DeepCFR2
53938647,0.11561459302902222,816,LeducPoker,DeepCFR2
53999797,0.11561459302902222,817,LeducPoker,DeepCFR2
54058556,0.11561459302902222,818,LeducPoker,DeepCFR2
54131725,0.11561459302902222,819,LeducPoker,DeepCFR2
54202647,0.11561459302902222,820,LeducPoker,DeepCFR2
54275471,0.11561459302902222,821,LeducPoker,DeepCFR2
54341628,0.11561459302902222,822,LeducPoker,DeepCFR2
54414915,0.11561459302902222,823,LeducPoker,DeepCFR2
54475008,0.11561459302902222,824,LeducPoker,DeepCFR2
54534255,0.11746563017368317,825,LeducPoker,DeepCFR2
54595718,0.11746563017368317,826,LeducPoker,DeepCFR2
54660513,0.11746563017368317,827,LeducPoker,DeepCFR2
54735158,0.11746563017368317,828,LeducPoker,DeepCFR2
54794304,0.11746563017368317,829,LeducPoker,DeepCFR2
54852701,0.11746563017368317,830,LeducPoker,DeepCFR2
54913599,0.11746563017368317,831,LeducPoker,DeepCFR2
54975016,0.11746563017368317,832,LeducPoker,DeepCFR2
55050905,0.11746563017368317,833,LeducPoker,DeepCFR2
55127668,0.11746563017368317,834,LeducPoker,DeepCFR2
55193338,0.11746563017368317,835,LeducPoker,DeepCFR2
55254536,0.11746563017368317,836,LeducPoker,DeepCFR2
55316070,0.11746563017368317,837,LeducPoker,DeepCFR2
55388602,0.11746563017368317,838,LeducPoker,DeepCFR2
55451119,0.11746563017368317,839,LeducPoker,DeepCFR2
55509293,0.132439024746418,840,LeducPoker,DeepCFR2
55575405,0.132439024746418,841,LeducPoker,DeepCFR2
55644866,0.132439024746418,842,LeducPoker,DeepCFR2
55709173,0.132439024746418,843,LeducPoker,DeepCFR2
55774731,0.132439024746418,844,LeducPoker,DeepCFR2
55837496,0.132439024746418,845,LeducPoker,DeepCFR2
55913687,0.132439024746418,846,LeducPoker,DeepCFR2
55988045,0.132439024746418,847,LeducPoker,DeepCFR2
56048982,0.132439024746418,848,LeducPoker,DeepCFR2
56118351,0.132439024746418,849,LeducPoker,DeepCFR2
56198597,0.132439024746418,850,LeducPoker,DeepCFR2
56275138,0.132439024746418,851,LeducPoker,DeepCFR2
56353898,0.132439024746418,852,LeducPoker,DeepCFR2
56418936,0.132439024746418,853,LeducPoker,DeepCFR2
56483603,0.132439024746418,854,LeducPoker,DeepCFR2
56562152,0.11262454092502594,855,LeducPoker,DeepCFR2
56623117,0.11262454092502594,856,LeducPoker,DeepCFR2
56686317,0.11262454092502594,857,LeducPoker,DeepCFR2
56748373,0.11262454092502594,858,LeducPoker,DeepCFR2
56812711,0.11262454092502594,859,LeducPoker,DeepCFR2
56873555,0.11262454092502594,860,LeducPoker,DeepCFR2
56945614,0.11262454092502594,861,LeducPoker,DeepCFR2
57024429,0.11262454092502594,862,LeducPoker,DeepCFR2
57104037,0.11262454092502594,863,LeducPoker,DeepCFR2
57184088,0.11262454092502594,864,LeducPoker,DeepCFR2
57261574,0.11262454092502594,865,LeducPoker,DeepCFR2
57336815,0.11262454092502594,866,LeducPoker,DeepCFR2
57414673,0.11262454092502594,867,LeducPoker,DeepCFR2
57492384,0.11262454092502594,868,LeducPoker,DeepCFR2
57568944,0.11262454092502594,869,LeducPoker,DeepCFR2
57642850,0.15092849731445312,870,LeducPoker,DeepCFR2
57722342,0.15092849731445312,871,LeducPoker,DeepCFR2
57798288,0.15092849731445312,872,LeducPoker,DeepCFR2
57877893,0.15092849731445312,873,LeducPoker,DeepCFR2
57941332,0.15092849731445312,874,LeducPoker,DeepCFR2
58008839,0.15092849731445312,875,LeducPoker,DeepCFR2
58077835,0.15092849731445312,876,LeducPoker,DeepCFR2
58138923,0.15092849731445312,877,LeducPoker,DeepCFR2
58217891,0.15092849731445312,878,LeducPoker,DeepCFR2
58293656,0.15092849731445312,879,LeducPoker,DeepCFR2
58363392,0.15092849731445312,880,LeducPoker,DeepCFR2
58431368,0.15092849731445312,881,LeducPoker,DeepCFR2
58499843,0.15092849731445312,882,LeducPoker,DeepCFR2
58571832,0.15092849731445312,883,LeducPoker,DeepCFR2
58649270,0.15092849731445312,884,LeducPoker,DeepCFR2
58729654,0.13154538348317146,885,LeducPoker,DeepCFR2
58800864,0.13154538348317146,886,LeducPoker,DeepCFR2
58864925,0.13154538348317146,887,LeducPoker,DeepCFR2
58935108,0.13154538348317146,888,LeducPoker,DeepCFR2
59012321,0.13154538348317146,889,LeducPoker,DeepCFR2
59075955,0.13154538348317146,890,LeducPoker,DeepCFR2
59145873,0.13154538348317146,891,LeducPoker,DeepCFR2
59210728,0.13154538348317146,892,LeducPoker,DeepCFR2
59273195,0.13154538348317146,893,LeducPoker,DeepCFR2
59350942,0.13154538348317146,894,LeducPoker,DeepCFR2
59418653,0.13154538348317146,895,LeducPoker,DeepCFR2
59485649,0.13154538348317146,896,LeducPoker,DeepCFR2
59549542,0.13154538348317146,897,LeducPoker,DeepCFR2
59629564,0.13154538348317146,898,LeducPoker,DeepCFR2
59695910,0.13154538348317146,899,LeducPoker,DeepCFR2
59763052,0.11274503171443939,900,LeducPoker,DeepCFR2
59838796,0.11274503171443939,901,LeducPoker,DeepCFR2
59905875,0.11274503171443939,902,LeducPoker,DeepCFR2
59967484,0.11274503171443939,903,LeducPoker,DeepCFR2
60033182,0.11274503171443939,904,LeducPoker,DeepCFR2
60101874,0.11274503171443939,905,LeducPoker,DeepCFR2
60166982,0.11274503171443939,906,LeducPoker,DeepCFR2
60232796,0.11274503171443939,907,LeducPoker,DeepCFR2
60299242,0.11274503171443939,908,LeducPoker,DeepCFR2
60368478,0.11274503171443939,909,LeducPoker,DeepCFR2
60427269,0.11274503171443939,910,LeducPoker,DeepCFR2
60491946,0.11274503171443939,911,LeducPoker,DeepCFR2
60557029,0.11274503171443939,912,LeducPoker,DeepCFR2
60620179,0.11274503171443939,913,LeducPoker,DeepCFR2
60684829,0.11274503171443939,914,LeducPoker,DeepCFR2
60750122,0.12604834884405136,915,LeducPoker,DeepCFR2
60813776,0.12604834884405136,916,LeducPoker,DeepCFR2
60881427,0.12604834884405136,917,LeducPoker,DeepCFR2
60947129,0.12604834884405136,918,LeducPoker,DeepCFR2
61011100,0.12604834884405136,919,LeducPoker,DeepCFR2
61077007,0.12604834884405136,920,LeducPoker,DeepCFR2
61139767,0.12604834884405136,921,LeducPoker,DeepCFR2
61200394,0.12604834884405136,922,LeducPoker,DeepCFR2
61267718,0.12604834884405136,923,LeducPoker,DeepCFR2
61331980,0.12604834884405136,924,LeducPoker,DeepCFR2
61389433,0.12604834884405136,925,LeducPoker,DeepCFR2
61456350,0.12604834884405136,926,LeducPoker,DeepCFR2
61523164,0.12604834884405136,927,LeducPoker,DeepCFR2
61591234,0.12604834884405136,928,LeducPoker,DeepCFR2
61654906,0.12604834884405136,929,LeducPoker,DeepCFR2
61720280,0.11910209432244301,930,LeducPoker,DeepCFR2
61781709,0.11910209432244301,931,LeducPoker,DeepCFR2
61846865,0.11910209432244301,932,LeducPoker,DeepCFR2
61911314,0.11910209432244301,933,LeducPoker,DeepCFR2
61976896,0.11910209432244301,934,LeducPoker,DeepCFR2
62043650,0.11910209432244301,935,LeducPoker,DeepCFR2
62109151,0.11910209432244301,936,LeducPoker,DeepCFR2
62175994,0.11910209432244301,937,LeducPoker,DeepCFR2
62239107,0.11910209432244301,938,LeducPoker,DeepCFR2
62308042,0.11910209432244301,939,LeducPoker,DeepCFR2
62373558,0.11910209432244301,940,LeducPoker,DeepCFR2
62438085,0.11910209432244301,941,LeducPoker,DeepCFR2
62503433,0.11910209432244301,942,LeducPoker,DeepCFR2
62568405,0.11910209432244301,943,LeducPoker,DeepCFR2
62639224,0.11910209432244301,944,LeducPoker,DeepCFR2
62705698,0.11721529811620712,945,LeducPoker,DeepCFR2
62771196,0.11721529811620712,946,LeducPoker,DeepCFR2
62834697,0.11721529811620712,947,LeducPoker,DeepCFR2
62899603,0.11721529811620712,948,LeducPoker,DeepCFR2
62968987,0.11721529811620712,949,LeducPoker,DeepCFR2
63033928,0.11721529811620712,950,LeducPoker,DeepCFR2
63098590,0.11721529811620712,951,LeducPoker,DeepCFR2
63167022,0.11721529811620712,952,LeducPoker,DeepCFR2
63229949,0.11721529811620712,953,LeducPoker,DeepCFR2
63296582,0.11721529811620712,954,LeducPoker,DeepCFR2
63361129,0.11721529811620712,955,LeducPoker,DeepCFR2
63423950,0.11721529811620712,956,LeducPoker,DeepCFR2
63488824,0.11721529811620712,957,LeducPoker,DeepCFR2
63553417,0.11721529811620712,958,LeducPoker,DeepCFR2
63617799,0.11721529811620712,959,LeducPoker,DeepCFR2
63681420,0.11883897334337234,960,LeducPoker,DeepCFR2
63744967,0.11883897334337234,961,LeducPoker,DeepCFR2
63803297,0.11883897334337234,962,LeducPoker,DeepCFR2
63866962,0.11883897334337234,963,LeducPoker,DeepCFR2
63931087,0.11883897334337234,964,LeducPoker,DeepCFR2
63996170,0.11883897334337234,965,LeducPoker,DeepCFR2
64059173,0.11883897334337234,966,LeducPoker,DeepCFR2
64122199,0.11883897334337234,967,LeducPoker,DeepCFR2
64186465,0.11883897334337234,968,LeducPoker,DeepCFR2
64252212,0.11883897334337234,969,LeducPoker,DeepCFR2
64317409,0.11883897334337234,970,LeducPoker,DeepCFR2
64386993,0.11883897334337234,971,LeducPoker,DeepCFR2
64451970,0.11883897334337234,972,LeducPoker,DeepCFR2
64513089,0.11883897334337234,973,LeducPoker,DeepCFR2
64578825,0.11883897334337234,974,LeducPoker,DeepCFR2
64642468,0.11183344200253487,975,LeducPoker,DeepCFR2
64706498,0.11183344200253487,976,LeducPoker,DeepCFR2
64773637,0.11183344200253487,977,LeducPoker,DeepCFR2
64837862,0.11183344200253487,978,LeducPoker,DeepCFR2
64900134,0.11183344200253487,979,LeducPoker,DeepCFR2
64962603,0.11183344200253487,980,LeducPoker,DeepCFR2
65026042,0.11183344200253487,981,LeducPoker,DeepCFR2
65091163,0.11183344200253487,982,LeducPoker,DeepCFR2
65147466,0.11183344200253487,983,LeducPoker,DeepCFR2
65212070,0.11183344200253487,984,LeducPoker,DeepCFR2
65276216,0.11183344200253487,985,LeducPoker,DeepCFR2
65341063,0.11183344200253487,986,LeducPoker,DeepCFR2
65404570,0.11183344200253487,987,LeducPoker,DeepCFR2
65466552,0.11183344200253487,988,LeducPoker,DeepCFR2
65523417,0.11183344200253487,989,LeducPoker,DeepCFR2
65589805,0.12194056063890457,990,LeducPoker,DeepCFR2
65645867,0.12194056063890457,991,LeducPoker,DeepCFR2
65709781,0.12194056063890457,992,LeducPoker,DeepCFR2
65776401,0.12194056063890457,993,LeducPoker,DeepCFR2
65841551,0.12194056063890457,994,LeducPoker,DeepCFR2
65907770,0.12194056063890457,995,LeducPoker,DeepCFR2
65971033,0.12194056063890457,996,LeducPoker,DeepCFR2
66034140,0.12194056063890457,997,LeducPoker,DeepCFR2
66089901,0.12194056063890457,998,LeducPoker,DeepCFR2
66153735,0.12194056063890457,999,LeducPoker,DeepCFR2
66214575,0.12194056063890457,1000,LeducPoker,DeepCFR2
66278751,0.12194056063890457,1001,LeducPoker,DeepCFR2
66335780,0.12194056063890457,1002,LeducPoker,DeepCFR2
66394877,0.12194056063890457,1003,LeducPoker,DeepCFR2
66451552,0.12194056063890457,1004,LeducPoker,DeepCFR2
66517081,0.11537178233265877,1005,LeducPoker,DeepCFR2
66572155,0.11537178233265877,1006,LeducPoker,DeepCFR2
66641792,0.11537178233265877,1007,LeducPoker,DeepCFR2
66700932,0.11537178233265877,1008,LeducPoker,DeepCFR2
66758818,0.11537178233265877,1009,LeducPoker,DeepCFR2
66816399,0.11537178233265877,1010,LeducPoker,DeepCFR2
66879283,0.11537178233265877,1011,LeducPoker,DeepCFR2
66938571,0.11537178233265877,1012,LeducPoker,DeepCFR2
66998967,0.11537178233265877,1013,LeducPoker,DeepCFR2
67056423,0.11537178233265877,1014,LeducPoker,DeepCFR2
67117555,0.11537178233265877,1015,LeducPoker,DeepCFR2
67176230,0.11537178233265877,1016,LeducPoker,DeepCFR2
67233463,0.11537178233265877,1017,LeducPoker,DeepCFR2
67289792,0.11537178233265877,1018,LeducPoker,DeepCFR2
67347285,0.11537178233265877,1019,LeducPoker,DeepCFR2
67406467,0.14187243580818176,1020,LeducPoker,DeepCFR2
67466329,0.14187243580818176,1021,LeducPoker,DeepCFR2
67523223,0.14187243580818176,1022,LeducPoker,DeepCFR2
67581362,0.14187243580818176,1023,LeducPoker,DeepCFR2
67638910,0.14187243580818176,1024,LeducPoker,DeepCFR2
67695554,0.14187243580818176,1025,LeducPoker,DeepCFR2
67754348,0.14187243580818176,1026,LeducPoker,DeepCFR2
67811877,0.14187243580818176,1027,LeducPoker,DeepCFR2
67869576,0.14187243580818176,1028,LeducPoker,DeepCFR2
67927161,0.14187243580818176,1029,LeducPoker,DeepCFR2
67991155,0.14187243580818176,1030,LeducPoker,DeepCFR2
68048774,0.14187243580818176,1031,LeducPoker,DeepCFR2
68109555,0.14187243580818176,1032,LeducPoker,DeepCFR2
68171928,0.14187243580818176,1033,LeducPoker,DeepCFR2
68236638,0.14187243580818176,1034,LeducPoker,DeepCFR2
68303546,0.1488300859928131,1035,LeducPoker,DeepCFR2
68360123,0.1488300859928131,1036,LeducPoker,DeepCFR2
68417624,0.1488300859928131,1037,LeducPoker,DeepCFR2
68483765,0.1488300859928131,1038,LeducPoker,DeepCFR2
68549004,0.1488300859928131,1039,LeducPoker,DeepCFR2
68607122,0.1488300859928131,1040,LeducPoker,DeepCFR2
68669148,0.1488300859928131,1041,LeducPoker,DeepCFR2
68730605,0.1488300859928131,1042,LeducPoker,DeepCFR2
68787366,0.1488300859928131,1043,LeducPoker,DeepCFR2
68849669,0.1488300859928131,1044,LeducPoker,DeepCFR2
68914333,0.1488300859928131,1045,LeducPoker,DeepCFR2
68974421,0.1488300859928131,1046,LeducPoker,DeepCFR2
69041132,0.1488300859928131,1047,LeducPoker,DeepCFR2
69101217,0.1488300859928131,1048,LeducPoker,DeepCFR2
69169291,0.1488300859928131,1049,LeducPoker,DeepCFR2
69230417,0.12286397069692612,1050,LeducPoker,DeepCFR2
69293595,0.12286397069692612,1051,LeducPoker,DeepCFR2
69354673,0.12286397069692612,1052,LeducPoker,DeepCFR2
69415592,0.12286397069692612,1053,LeducPoker,DeepCFR2
69478712,0.12286397069692612,1054,LeducPoker,DeepCFR2
69540256,0.12286397069692612,1055,LeducPoker,DeepCFR2
69604335,0.12286397069692612,1056,LeducPoker,DeepCFR2
69671215,0.12286397069692612,1057,LeducPoker,DeepCFR2
69736195,0.12286397069692612,1058,LeducPoker,DeepCFR2
69794391,0.12286397069692612,1059,LeducPoker,DeepCFR2
69852693,0.12286397069692612,1060,LeducPoker,DeepCFR2
69918512,0.12286397069692612,1061,LeducPoker,DeepCFR2
69983568,0.12286397069692612,1062,LeducPoker,DeepCFR2
70049459,0.12286397069692612,1063,LeducPoker,DeepCFR2
70109306,0.12286397069692612,1064,LeducPoker,DeepCFR2
70167056,0.15551982074975967,1065,LeducPoker,DeepCFR2
70232020,0.15551982074975967,1066,LeducPoker,DeepCFR2
70295061,0.15551982074975967,1067,LeducPoker,DeepCFR2
70362327,0.15551982074975967,1068,LeducPoker,DeepCFR2
70429164,0.15551982074975967,1069,LeducPoker,DeepCFR2
70494140,0.15551982074975967,1070,LeducPoker,DeepCFR2
70559013,0.15551982074975967,1071,LeducPoker,DeepCFR2
70622415,0.15551982074975967,1072,LeducPoker,DeepCFR2
70684194,0.15551982074975967,1073,LeducPoker,DeepCFR2
70744377,0.15551982074975967,1074,LeducPoker,DeepCFR2
70805025,0.15551982074975967,1075,LeducPoker,DeepCFR2
70870005,0.15551982074975967,1076,LeducPoker,DeepCFR2
70932241,0.15551982074975967,1077,LeducPoker,DeepCFR2
70990615,0.15551982074975967,1078,LeducPoker,DeepCFR2
71055398,0.15551982074975967,1079,LeducPoker,DeepCFR2
71124515,0.14959610998630524,1080,LeducPoker,DeepCFR2
71184328,0.14959610998630524,1081,LeducPoker,DeepCFR2
71250817,0.14959610998630524,1082,LeducPoker,DeepCFR2
71319076,0.14959610998630524,1083,LeducPoker,DeepCFR2
71377913,0.14959610998630524,1084,LeducPoker,DeepCFR2
71444469,0.14959610998630524,1085,LeducPoker,DeepCFR2
71510519,0.14959610998630524,1086,LeducPoker,DeepCFR2
71580040,0.14959610998630524,1087,LeducPoker,DeepCFR2
71648075,0.14959610998630524,1088,LeducPoker,DeepCFR2
71710788,0.14959610998630524,1089,LeducPoker,DeepCFR2
71773734,0.14959610998630524,1090,LeducPoker,DeepCFR2
71836451,0.14959610998630524,1091,LeducPoker,DeepCFR2
71895823,0.14959610998630524,1092,LeducPoker,DeepCFR2
71964143,0.14959610998630524,1093,LeducPoker,DeepCFR2
72033343,0.14959610998630524,1094,LeducPoker,DeepCFR2
72096023,0.16897430270910263,1095,LeducPoker,DeepCFR2
72165579,0.16897430270910263,1096,LeducPoker,DeepCFR2
72230771,0.16897430270910263,1097,LeducPoker,DeepCFR2
72298247,0.16897430270910263,1098,LeducPoker,DeepCFR2
72363059,0.16897430270910263,1099,LeducPoker,DeepCFR2
72431473,0.16897430270910263,1100,LeducPoker,DeepCFR2
72493079,0.16897430270910263,1101,LeducPoker,DeepCFR2
72555373,0.16897430270910263,1102,LeducPoker,DeepCFR2
72619595,0.16897430270910263,1103,LeducPoker,DeepCFR2
72688973,0.16897430270910263,1104,LeducPoker,DeepCFR2
72755982,0.16897430270910263,1105,LeducPoker,DeepCFR2
72821008,0.16897430270910263,1106,LeducPoker,DeepCFR2
72884133,0.16897430270910263,1107,LeducPoker,DeepCFR2
72951276,0.16897430270910263,1108,LeducPoker,DeepCFR2
73011835,0.16897430270910263,1109,LeducPoker,DeepCFR2
73076792,0.152766615152359,1110,LeducPoker,DeepCFR2
73137028,0.152766615152359,1111,LeducPoker,DeepCFR2
73207112,0.152766615152359,1112,LeducPoker,DeepCFR2
73275718,0.152766615152359,1113,LeducPoker,DeepCFR2
73337909,0.152766615152359,1114,LeducPoker,DeepCFR2
73403396,0.152766615152359,1115,LeducPoker,DeepCFR2
73477302,0.152766615152359,1116,LeducPoker,DeepCFR2
73544556,0.152766615152359,1117,LeducPoker,DeepCFR2
73622818,0.152766615152359,1118,LeducPoker,DeepCFR2
73693570,0.152766615152359,1119,LeducPoker,DeepCFR2
73760065,0.152766615152359,1120,LeducPoker,DeepCFR2
73827590,0.152766615152359,1121,LeducPoker,DeepCFR2
73895441,0.152766615152359,1122,LeducPoker,DeepCFR2
73964420,0.152766615152359,1123,LeducPoker,DeepCFR2
74022990,0.152766615152359,1124,LeducPoker,DeepCFR2
74084404,0.15492546558380127,1125,LeducPoker,DeepCFR2
74151581,0.15492546558380127,1126,LeducPoker,DeepCFR2
74216057,0.15492546558380127,1127,LeducPoker,DeepCFR2
74287304,0.15492546558380127,1128,LeducPoker,DeepCFR2
74357852,0.15492546558380127,1129,LeducPoker,DeepCFR2
74426797,0.15492546558380127,1130,LeducPoker,DeepCFR2
74495987,0.15492546558380127,1131,LeducPoker,DeepCFR2
74564297,0.15492546558380127,1132,LeducPoker,DeepCFR2
74631775,0.15492546558380127,1133,LeducPoker,DeepCFR2
74701451,0.15492546558380127,1134,LeducPoker,DeepCFR2
74769331,0.15492546558380127,1135,LeducPoker,DeepCFR2
74837123,0.15492546558380127,1136,LeducPoker,DeepCFR2
74904264,0.15492546558380127,1137,LeducPoker,DeepCFR2
74962581,0.15492546558380127,1138,LeducPoker,DeepCFR2
75040645,0.15492546558380127,1139,LeducPoker,DeepCFR2
75108422,0.16701079159975052,1140,LeducPoker,DeepCFR2
75175239,0.16701079159975052,1141,LeducPoker,DeepCFR2
75248148,0.16701079159975052,1142,LeducPoker,DeepCFR2
75323092,0.16701079159975052,1143,LeducPoker,DeepCFR2
75391108,0.16701079159975052,1144,LeducPoker,DeepCFR2
75457694,0.16701079159975052,1145,LeducPoker,DeepCFR2
75526483,0.16701079159975052,1146,LeducPoker,DeepCFR2
75592335,0.16701079159975052,1147,LeducPoker,DeepCFR2
75658801,0.16701079159975052,1148,LeducPoker,DeepCFR2
75721695,0.16701079159975052,1149,LeducPoker,DeepCFR2
75788311,0.16701079159975052,1150,LeducPoker,DeepCFR2
75862739,0.16701079159975052,1151,LeducPoker,DeepCFR2
75927432,0.16701079159975052,1152,LeducPoker,DeepCFR2
75994199,0.16701079159975052,1153,LeducPoker,DeepCFR2
76062806,0.16701079159975052,1154,LeducPoker,DeepCFR2
76130836,0.1790534406900406,1155,LeducPoker,DeepCFR2
76189861,0.1790534406900406,1156,LeducPoker,DeepCFR2
76253246,0.1790534406900406,1157,LeducPoker,DeepCFR2
76315854,0.1790534406900406,1158,LeducPoker,DeepCFR2
76380380,0.1790534406900406,1159,LeducPoker,DeepCFR2
76439423,0.1790534406900406,1160,LeducPoker,DeepCFR2
76503020,0.1790534406900406,1161,LeducPoker,DeepCFR2
76568765,0.1790534406900406,1162,LeducPoker,DeepCFR2
76630448,0.1790534406900406,1163,LeducPoker,DeepCFR2
76699470,0.1790534406900406,1164,LeducPoker,DeepCFR2
76765217,0.1790534406900406,1165,LeducPoker,DeepCFR2
76826678,0.1790534406900406,1166,LeducPoker,DeepCFR2
76882646,0.1790534406900406,1167,LeducPoker,DeepCFR2
76946685,0.1790534406900406,1168,LeducPoker,DeepCFR2
77017776,0.1790534406900406,1169,LeducPoker,DeepCFR2
77074522,0.1746009886264801,1170,LeducPoker,DeepCFR2
77139872,0.1746009886264801,1171,LeducPoker,DeepCFR2
77203882,0.1746009886264801,1172,LeducPoker,DeepCFR2
77268791,0.1746009886264801,1173,LeducPoker,DeepCFR2
77329599,0.1746009886264801,1174,LeducPoker,DeepCFR2
77390240,0.1746009886264801,1175,LeducPoker,DeepCFR2
77452838,0.1746009886264801,1176,LeducPoker,DeepCFR2
77518683,0.1746009886264801,1177,LeducPoker,DeepCFR2
77581914,0.1746009886264801,1178,LeducPoker,DeepCFR2
77643665,0.1746009886264801,1179,LeducPoker,DeepCFR2
77710446,0.1746009886264801,1180,LeducPoker,DeepCFR2
77774832,0.1746009886264801,1181,LeducPoker,DeepCFR2
77843172,0.1746009886264801,1182,LeducPoker,DeepCFR2
77901034,0.1746009886264801,1183,LeducPoker,DeepCFR2
77964197,0.1746009886264801,1184,LeducPoker,DeepCFR2
78029582,0.1929447129368782,1185,LeducPoker,DeepCFR2
78093586,0.1929447129368782,1186,LeducPoker,DeepCFR2
78158172,0.1929447129368782,1187,LeducPoker,DeepCFR2
78221311,0.1929447129368782,1188,LeducPoker,DeepCFR2
78283067,0.1929447129368782,1189,LeducPoker,DeepCFR2
78340845,0.1929447129368782,1190,LeducPoker,DeepCFR2
78402715,0.1929447129368782,1191,LeducPoker,DeepCFR2
78465257,0.1929447129368782,1192,LeducPoker,DeepCFR2
78529012,0.1929447129368782,1193,LeducPoker,DeepCFR2
78591123,0.1929447129368782,1194,LeducPoker,DeepCFR2
78654276,0.1929447129368782,1195,LeducPoker,DeepCFR2
78717867,0.1929447129368782,1196,LeducPoker,DeepCFR2
78775338,0.1929447129368782,1197,LeducPoker,DeepCFR2
78830613,0.1929447129368782,1198,LeducPoker,DeepCFR2
78894528,0.1929447129368782,1199,LeducPoker,DeepCFR2
78955381,0.13387506082654,1200,LeducPoker,DeepCFR2
79016656,0.13387506082654,1201,LeducPoker,DeepCFR2
79081297,0.13387506082654,1202,LeducPoker,DeepCFR2
79143811,0.13387506082654,1203,LeducPoker,DeepCFR2
79213966,0.13387506082654,1204,LeducPoker,DeepCFR2
79274389,0.13387506082654,1205,LeducPoker,DeepCFR2
79336213,0.13387506082654,1206,LeducPoker,DeepCFR2
79397073,0.13387506082654,1207,LeducPoker,DeepCFR2
79461229,0.13387506082654,1208,LeducPoker,DeepCFR2
79524548,0.13387506082654,1209,LeducPoker,DeepCFR2
79586732,0.13387506082654,1210,LeducPoker,DeepCFR2
79641961,0.13387506082654,1211,LeducPoker,DeepCFR2
79709849,0.13387506082654,1212,LeducPoker,DeepCFR2
79775405,0.13387506082654,1213,LeducPoker,DeepCFR2
79840935,0.13387506082654,1214,LeducPoker,DeepCFR2
79903394,0.1368197239935398,1215,LeducPoker,DeepCFR2
79969543,0.1368197239935398,1216,LeducPoker,DeepCFR2
80027122,0.1368197239935398,1217,LeducPoker,DeepCFR2
80093854,0.1368197239935398,1218,LeducPoker,DeepCFR2
80158749,0.1368197239935398,1219,LeducPoker,DeepCFR2
80223230,0.1368197239935398,1220,LeducPoker,DeepCFR2
80290361,0.1368197239935398,1221,LeducPoker,DeepCFR2
80354721,0.1368197239935398,1222,LeducPoker,DeepCFR2
80419409,0.1368197239935398,1223,LeducPoker,DeepCFR2
80482232,0.1368197239935398,1224,LeducPoker,DeepCFR2
80549759,0.1368197239935398,1225,LeducPoker,DeepCFR2
80611308,0.1368197239935398,1226,LeducPoker,DeepCFR2
80675756,0.1368197239935398,1227,LeducPoker,DeepCFR2
80739516,0.1368197239935398,1228,LeducPoker,DeepCFR2
80804666,0.1368197239935398,1229,LeducPoker,DeepCFR2
80868043,0.1556314378976822,1230,LeducPoker,DeepCFR2
80930619,0.1556314378976822,1231,LeducPoker,DeepCFR2
80995226,0.1556314378976822,1232,LeducPoker,DeepCFR2
81057670,0.1556314378976822,1233,LeducPoker,DeepCFR2
81125066,0.1556314378976822,1234,LeducPoker,DeepCFR2
81191241,0.1556314378976822,1235,LeducPoker,DeepCFR2
81253771,0.1556314378976822,1236,LeducPoker,DeepCFR2
81314311,0.1556314378976822,1237,LeducPoker,DeepCFR2
81378961,0.1556314378976822,1238,LeducPoker,DeepCFR2
81452963,0.1556314378976822,1239,LeducPoker,DeepCFR2
81516109,0.1556314378976822,1240,LeducPoker,DeepCFR2
81577118,0.1556314378976822,1241,LeducPoker,DeepCFR2
81639697,0.1556314378976822,1242,LeducPoker,DeepCFR2
81705409,0.1556314378976822,1243,LeducPoker,DeepCFR2
81770990,0.1556314378976822,1244,LeducPoker,DeepCFR2
81837683,0.13827267661690712,1245,LeducPoker,DeepCFR2
81899686,0.13827267661690712,1246,LeducPoker,DeepCFR2
81971562,0.13827267661690712,1247,LeducPoker,DeepCFR2
82037730,0.13827267661690712,1248,LeducPoker,DeepCFR2
82100281,0.13827267661690712,1249,LeducPoker,DeepCFR2
82167773,0.13827267661690712,1250,LeducPoker,DeepCFR2
82231471,0.13827267661690712,1251,LeducPoker,DeepCFR2
82292369,0.13827267661690712,1252,LeducPoker,DeepCFR2
82357654,0.13827267661690712,1253,LeducPoker,DeepCFR2
82424939,0.13827267661690712,1254,LeducPoker,DeepCFR2
82492929,0.13827267661690712,1255,LeducPoker,DeepCFR2
82564408,0.13827267661690712,1256,LeducPoker,DeepCFR2
82627173,0.13827267661690712,1257,LeducPoker,DeepCFR2
82691114,0.13827267661690712,1258,LeducPoker,DeepCFR2
82757432,0.13827267661690712,1259,LeducPoker,DeepCFR2
82825940,0.14466693997383118,1260,LeducPoker,DeepCFR2
82885226,0.14466693997383118,1261,LeducPoker,DeepCFR2
82950004,0.14466693997383118,1262,LeducPoker,DeepCFR2
83017128,0.14466693997383118,1263,LeducPoker,DeepCFR2
83078487,0.14466693997383118,1264,LeducPoker,DeepCFR2
83141969,0.14466693997383118,1265,LeducPoker,DeepCFR2
83203560,0.14466693997383118,1266,LeducPoker,DeepCFR2
83270278,0.14466693997383118,1267,LeducPoker,DeepCFR2
83343200,0.14466693997383118,1268,LeducPoker,DeepCFR2
83408575,0.14466693997383118,1269,LeducPoker,DeepCFR2
83474303,0.14466693997383118,1270,LeducPoker,DeepCFR2
83546904,0.14466693997383118,1271,LeducPoker,DeepCFR2
83618071,0.14466693997383118,1272,LeducPoker,DeepCFR2
83690755,0.14466693997383118,1273,LeducPoker,DeepCFR2
83751920,0.14466693997383118,1274,LeducPoker,DeepCFR2
83825934,0.16532235220074654,1275,LeducPoker,DeepCFR2
83887206,0.16532235220074654,1276,LeducPoker,DeepCFR2
